,"Ventura County, California!!Estimate","Ventura County, California!!Margin of Error","Ventura County, California!!Percent","Ventura County, California!!Percent Margin of Error"
HOUSING OCCUPANCY,,,,
Total housing units,"293,491",±178,"293,491",(X)
Occupied housing units,"275,653","±1,072",93.90%,±0.4
Vacant housing units,"17,838","±1,109",6.10%,±0.4
Homeowner vacancy rate,0.8,±0.2,(X),(X)
Label (Grouping),4,±0.6,(X),(X)
UNITS IN STRUCTURE,,,,
Total housing units,"293,491",±178,"293,491",(X)
"1-unit, detached","184,898","±1,639",63.00%,±0.6
"1-unit, attached","34,611","±1,481",11.80%,±0.5
2 units,"3,853",±662,1.30%,±0.2
3 or 4 units,"12,701",±699,4.30%,±0.2
5 to 9 units,"12,513",±984,4.30%,±0.3
10 to 19 units,"10,987",±842,3.70%,±0.3
20 or more units,"21,500",±959,7.30%,±0.3
Mobile home,"12,061",±876,4.10%,±0.3
"Boat, RV, van, etc.",367,±141,0.10%,±0.1
YEAR STRUCTURE BUILT,,,,
Total housing units,"293,491",±178,"293,491",(X)
Built 2020 or later,926,±221,0.30%,±0.1
Built 2010 to 2019,"11,680",±828,4.00%,±0.3
Built 2000 to 2009,"30,666","±1,010",10.40%,±0.3
Built 1990 to 1999,"29,621","±1,203",10.10%,±0.4
Built 1980 to 1989,"52,179","±1,671",17.80%,±0.6
Built 1970 to 1979,"67,773","±1,775",23.10%,±0.6
Built 1960 to 1969,"55,876","±1,605",19.00%,±0.5
Built 1950 to 1959,"26,165","±1,043",8.90%,±0.4
Built 1940 to 1949,"8,210",±698,2.80%,±0.2
Built 1939 or earlier,"10,395",±728,3.50%,±0.2
ROOMS,,,,
Total housing units,"293,491",±178,"293,491",(X)
1 room,"5,800",±568,2.00%,±0.2
2 rooms,"7,311",±699,2.50%,±0.2
3 rooms,"23,081","±1,230",7.90%,±0.4
4 rooms,"49,974","±1,596",17.00%,±0.5
5 rooms,"53,863","±1,666",18.40%,±0.6
6 rooms,"56,545","±1,618",19.30%,±0.6
7 rooms,"39,528","±1,175",13.50%,±0.4
8 rooms,"29,366","±1,153",10.00%,±0.4
9 rooms or more,"28,023",±963,9.50%,±0.3
Median rooms,5.6,±0.1,(X),(X)
BEDROOMS,,,,
Total housing units,"293,491",±178,"293,491",(X)
No bedroom,"6,458",±574,2.20%,±0.2
1 bedroom,"27,104","±1,215",9.20%,±0.4
2 bedrooms,"69,822","±1,866",23.80%,±0.6
3 bedrooms,"98,836","±1,986",33.70%,±0.7
4 bedrooms,"73,421","±1,487",25.00%,±0.5
5 or more bedrooms,"17,850",±868,6.10%,±0.3
HOUSING TENURE,,,,
Occupied housing units,"275,653","±1,072","275,653",(X)
Owner-occupied,"176,575","±1,768",64.10%,±0.6
Renter-occupied,"99,078","±1,846",35.90%,±0.6
Average household size of owner-occupied unit,3,±0.02,(X),(X)
Average household size of renter-occupied unit,3,±0.04,(X),(X)
YEAR HOUSEHOLDER MOVED INTO UNIT,,,,
Occupied housing units,"275,653","±1,072","275,653",(X)
Moved in 2021 or later,"9,947",±750,3.60%,±0.3
Moved in 2018 to 2020,"45,708","±1,616",16.60%,±0.6
Moved in 2010 to 2017,"95,795","±1,941",34.80%,±0.7
Moved in 2000 to 2009,"56,366","±1,859",20.40%,±0.7
Moved in 1990 to 1999,"35,510","±1,161",12.90%,±0.4
Moved in 1989 and earlier,"32,327","±1,277",11.70%,±0.5
VEHICLES AVAILABLE,,,,
Occupied housing units,"275,653","±1,072","275,653",(X)
No vehicles available,"11,668",±990,4.20%,±0.4
1 vehicle available,"71,370","±1,960",25.90%,±0.7
2 vehicles available,"105,769","±2,152",38.40%,±0.8
3 or more vehicles available,"86,846","±1,807",31.50%,±0.7
HOUSE HEATING FUEL,,,,
Occupied housing units,"275,653","±1,072","275,653",(X)
Utility gas,"204,382","±1,768",74.10%,±0.6
"Bottled, tank, or LP gas","4,145",±453,1.50%,±0.2
Electricity,"50,607","±1,546",18.40%,±0.5
"Fuel oil, kerosene, etc.",176,±112,0.10%,±0.1
Coal or coke,66,±46,0.00%,±0.1
Wood,"1,133",±290,0.40%,±0.1
Solar energy,"2,074",±339,0.80%,±0.1
Other fuel,328,±156,0.10%,±0.1
No fuel used,"12,742",±904,4.60%,±0.3
SELECTED CHARACTERISTICS,,,,
Occupied housing units,"275,653","±1,072","275,653",(X)
Lacking complete plumbing facilities,880,±262,0.30%,±0.1
Lacking complete kitchen facilities,"2,767",±471,1.00%,±0.2
No telephone service available,"2,258",±347,0.80%,±0.1
OCCUPANTS PER ROOM,,,,
Occupied housing units,"275,653","±1,072","275,653",(X)
1.00 or less,"257,701","±1,275",93.50%,±0.3
1.01 to 1.50,"11,898",±690,4.30%,±0.2
1.51 or more,"6,054",±550,2.20%,±0.2
VALUE,,,,
Owner-occupied units,"176,575","±1,768","176,575",(X)
"Less than $50,000","2,706",±491,1.50%,±0.3
"$50,000 to $99,999","2,913",±454,1.60%,±0.3
"$100,000 to $149,999","2,447",±408,1.40%,±0.2
"$150,000 to $199,999","2,056",±412,1.20%,±0.2
"$200,000 to $299,999","3,775",±461,2.10%,±0.3
"$300,000 to $499,999","21,312",±973,12.10%,±0.5
"$500,000 to $999,999","107,661","±1,564",61.00%,±0.7
"$1,000,000 or more","33,705","±1,028",19.10%,±0.6
Median (dollars),"719,100","±6,044",(X),(X)
MORTGAGE STATUS,,,,
Owner-occupied units,"176,575","±1,768","176,575",(X)
Housing units with a mortgage,"123,698","±1,792",70.10%,±0.8
Housing units without a mortgage,"52,877","±1,558",29.90%,±0.8
SELECTED MONTHLY OWNER COSTS (SMOC),,,,
Housing units with a mortgage,"123,698","±1,792","123,698",(X)
Less than $500,461,±148,0.40%,±0.1
$500 to $999,"1,903",±279,1.50%,±0.2
"$1,000 to $1,499","6,327",±644,5.10%,±0.5
"$1,500 to $1,999","14,484",±791,11.70%,±0.6
"$2,000 to $2,499","20,267","±1,215",16.40%,±0.9
"$2,500 to $2,999","20,932","±1,081",16.90%,±0.8
"$3,000 or more","59,324","±1,468",48.00%,±1.1
Median (dollars),"2,940",±31,(X),(X)
Housing units without a mortgage,"52,877","±1,558","52,877",(X)
Less than $250,"3,105",±515,5.90%,±0.9
$250 to $399,"5,274",±601,10.00%,±1.1
$400 to $599,"9,242",±612,17.50%,±1.1
$600 to $799,"11,091",±762,21.00%,±1.4
$800 to $999,"8,790",±647,16.60%,±1.1
"$1,000 or more","15,375",±957,29.10%,±1.5
Median (dollars),755,±16,(X),(X)
SELECTED MONTHLY OWNER COSTS AS A PERCENTAGE OF HOUSEHOLD INCOME (SMOCAPI),,,,
Housing units with a mortgage (excluding units where SMOCAPI cannot be computed),"123,129","±1,790","123,129",(X)
Less than 20.0 percent,"40,786","±1,174",33.10%,±0.9
20.0 to 24.9 percent,"19,326",±987,15.70%,±0.8
25.0 to 29.9 percent,"15,647",±931,12.70%,±0.7
30.0 to 34.9 percent,"11,500",±914,9.30%,±0.7
35.0 percent or more,"35,870","±1,621",29.10%,±1.2
Not computed,569,±175,(X),(X)
Housing unit without a mortgage (excluding units where SMOCAPI cannot be computed),"52,251","±1,529","52,251",(X)
Less than 10.0 percent,"25,260","±1,081",48.30%,±1.9
10.0 to 14.9 percent,"9,069",±772,17.40%,±1.4
15.0 to 19.9 percent,"4,998",±538,9.60%,±1.0
20.0 to 24.9 percent,"3,252",±452,6.20%,±0.8
25.0 to 29.9 percent,"2,379",±491,4.60%,±0.9
30.0 to 34.9 percent,"1,272",±230,2.40%,±0.4
35.0 percent or more,"6,021",±590,11.50%,±1.0
Not computed,626,±161,(X),(X)
GROSS RENT,,,,
Occupied units paying rent,"94,444","±1,809","94,444",(X)
Less than $500,"3,422",±458,3.60%,±0.5
$500 to $999,"4,754",±490,5.00%,±0.5
"$1,000 to $1,499","11,739",±960,12.40%,±1.0
"$1,500 to $1,999","21,166","±1,156",22.40%,±1.2
"$2,000 to $2,499","21,883","±1,220",23.20%,±1.2
"$2,500 to $2,999","15,865","±1,056",16.80%,±1.1
"$3,000 or more","15,615",±986,16.50%,±1.0
Median (dollars),"2,140",±25,(X),(X)
No rent paid,"4,634",±643,(X),(X)
GROSS RENT AS A PERCENTAGE OF HOUSEHOLD INCOME (GRAPI),,,,
Occupied units paying rent (excluding units where GRAPI cannot be computed),"93,133","±1,768","93,133",(X)
Less than 15.0 percent,"7,774",±723,8.30%,±0.8
15.0 to 19.9 percent,"9,286",±751,10.00%,±0.8
20.0 to 24.9 percent,"10,376",±694,11.10%,±0.7
25.0 to 29.9 percent,"10,228",±722,11.00%,±0.8
30.0 to 34.9 percent,"9,858",±770,10.60%,±0.8
35.0 percent or more,"45,611","±1,590",49.00%,±1.4
Not computed,"5,945",±673,(X),(X)